-- phpMyAdmin SQL Dump
-- version 4.7.7
-- https://www.phpmyadmin.net/
--
-- Хост: 127.0.0.1:3306
-- Время создания: Окт 22 2021 г., 22:58
-- Версия сервера: 5.6.38
-- Версия PHP: 5.5.38

SET SQL_MODE = "NO_AUTO_VALUE_ON_ZERO";
SET AUTOCOMMIT = 0;
START TRANSACTION;
SET time_zone = "+00:00";


/*!40101 SET @OLD_CHARACTER_SET_CLIENT=@@CHARACTER_SET_CLIENT */;
/*!40101 SET @OLD_CHARACTER_SET_RESULTS=@@CHARACTER_SET_RESULTS */;
/*!40101 SET @OLD_COLLATION_CONNECTION=@@COLLATION_CONNECTION */;
/*!40101 SET NAMES utf8mb4 */;

--
-- База данных: `Austria_cinema`
--

-- --------------------------------------------------------

--
-- Структура таблицы `movies`
--

CREATE TABLE `movies` (
  `id` int(11) NOT NULL,
  `film_name` varchar(255) DEFAULT NULL,
  `age` varchar(255) DEFAULT NULL,
  `genre` varchar(255) DEFAULT NULL,
  `main_photo` varchar(255) DEFAULT NULL,
  `photo1` varchar(255) DEFAULT NULL,
  `photo2` varchar(255) DEFAULT NULL,
  `photo3` varchar(255) DEFAULT NULL,
  `description` varchar(4000) DEFAULT NULL
) ENGINE=InnoDB DEFAULT CHARSET=utf8;

--
-- Дамп данных таблицы `movies`
--

INSERT INTO `movies` (`id`, `film_name`, `age`, `genre`, `main_photo`, `photo1`, `photo2`, `photo3`, `description`) VALUES
(1, 'Ґодзілла проти Конґа', '16+', 'фантастика, бойовик, пригоди', 'godzila.jpg', 'godzila1.jpg', 'godzila2.jpg', 'godzila3.jpg', 'Warner Bros. Pictures і Legendary Pictures представляють довгоочікувану епічну пригоду «Ґодзілла проти Конґа» від режисера Адама Вінґарда. Міфічні гіганти зійдуться у видовищній битві у фільмі «Ґодзілла проти Конґа», а доля людства висітиме на волосині. Конґ і його захисники вирушають у небезпечну подорож на пошуки своєї справжньої домівки. До них приєднується осиротіла дівчинка Цзя, яка має унікальний і сильний зв’язок із Конґом. Однак несподівано на своєму шляху вони зустрічають розлюченого монстра Ґодзіллу, що несе руйнування всюди, де ступить його нога. Епічне зіткнення двох титанів, спровоковане небаченими силами, – це тільки ключ до розгадки таємниці, захованої у самому ядрі Землі.'),
(2, 'Гнів людський', '16+', 'екшн, трилер', 'vend.jpg', 'vend1.jpg', 'vend2.jpg', 'vend3.jpg', 'На вулицях Лос-Анджелеса орудує злагоджена команда грабіжників. Їхня головна ціль – інкасаторські машини. Небагатослівний та рішучий англійський джентльмен Хілл (Джейсон Стейтем) одержимий бажанням встановити правосуддя. Для нього важливо виявити замовників та виконавців серії пограбувань. Винуватці, як би вони не намагалися сховатися, обов’язково відчують на собі гнів Хілла та його вміння мститися.\r\nТрилер «Гнів людський» – нове дітище британського режисера Гая Річі. Окрім режисури, він також долучився до написання сценарію. Для виконання головної ролі був запрошений Джейсон Стейтем, кар’єра якого розпочалася саме з фільмів Гая Річі «Карти, гроші, два стволи» та «Великий куш». Це перша спільна робота режисера та актора за останні 15 років. Зйомки фільму закінчилися на початку 2020 року, до локдауну. Знімали у Лондоні та Лос-Анджелесі. Для Гая Річі це перший досвід зйомок саме у США. Робочою назвою фільму була «Cash Track», що у перекладі «Інкасаторський вантажівка».'),
(3, 'Янгол помсти', '18+', 'кримінал, трилер, бойовик', 'angel.jpg', 'angel1.jpg', 'angel2.jpg', 'angel3.jpg', 'Деймон (Морган Фріман) живе у просторому маєтку один. Він колишній поліцейський – продажний поліцейський, що й пояснює таке розкішне життя. Внаслідок травми чоловік прикутий до інвалідного візка. Доглядати за ним приходить Вікторія (Рубі Роуз). Переосмисливши деякі періоди свого життя, Деймон хоче повернути собі гроші, які знаходяться у п’ятьох різних груп людей. Для цієї роботи він наймає Вікторію. Аби жінка охочіше виконувала його вказівки, Деймон викрадає Лілі, 10-річну хвору доньку своєї доглядальниці. Він чудово знає, що Вікторії таке завдання під силу.\r\nКримінальний трилер «Янгол помсти» зібрав зірковий акторський склад. Головна чоловіча роль дісталися Моргану Фрімену, за плечима якого «Оскар» за кращу чоловічу роль другого плану та 4 номінації на «Оскар». Виконавиця провідної жіночої ролі Рубі Роуз більше відома за серіалами. У 2019 році, виконуючи каскадерські трюки під час зйомок, вона пошкодила спину, через що її мало не паралізувало.'),
(4, 'Амоніт', '16+', 'драма, біографія, романтика', 'amonit.jpg', 'amonit1.jpg', 'amonit2.jpg', 'amonit3.jpg', 'У 1840-х роках у Лайм-Ріджесі, невеличкому містечку на півдні Англії, живе Мері Еннінг (Кейт Вінслет) – палеонтолог-любитель та колекціонерка скам’янілостей. Часи, коли її археологічні відкриття були предметом обговорень, лишилися у минулому. Нині похмура та жорстка жінка живе з того, що продає туристам у якості сувенірів свої знахідки. Якось до неї приїжджає палеонтолог разом зі своєю дружиною Шарлоттою (Сірша Ронан). Прагнучи вирушити далі з археологічною експедицією, він залишає хвору дружину та просить Мері піклуватися про Шарлоту.\r\nБіографічна драма «Амоніт» розповідає про британку Мері Еннінг, яку відносять до 10 найвпливовіших жінок-науковиць світу. Через соціальне положення та стать вона не змогла здобути повноцінну освіту, а зроблені нею відкриття не сприймалися сучасниками з гідною увагою. Знімали фільм на тому ж узбережжі, де й жила Еннінг. Виконавиця головної ролі Кейт Вінслет готувалася до ролі, працюючи над вимовою, характерною для тієї місцевості та ходою.'),
(5, 'Мортал Комбат', '18+', 'фантастика, трилер, бойовик, пригоди', 'mortal.jpg', 'mortal1.jpg', 'mortal2.jpg', 'mortal3.jpg', 'Дивний знак дракона на грудях з дитинства не давав спокою Коулу Янгу (Льюіс Тан). За роз’ясненнями про походження знаку він вирушає до Рейдена (Таданобу Асано) – Старшого Бога та захисника Земного Царства. По прибутті Коул взнає що разом з Джаксом (Мехкад Брукс), Сонею, Лю Кангом, Кунг Лао та Кано має стати на захист Всесвіту від Імператора Зовнішнього Світу Шан Цзуна (Чінь Хан).\r\nФентезійний бойовик «Мортал Комбат» створено на основі всесвітньовідомої франшизи відеоігор «Mortal Kombat». Вперше вона потрапила у продаж у 1992 році і відтоді не втрачає своєї популярності. На сьогоднішній день вийшло 24 версії гри. У 1995 та 1997 роках з’явились фільми на основі сюжетів ігор. Починаючи з 2010 року велася робота над продовженням, проте у 2013 проект було закрито. У 2016 році знову заговорили про зйомки фільму на основі гри. Тоді було найнято сценариста Грега Руссо та затверджено на режисерську посаду Саймона Маккуойда. Безпосередньо до знімального процесу приступили у травні 2019 року у Південній Австралії. Основні роботи велися з вересня по грудень.'),
(6, 'Тихе місце 2', '16+', 'жахи, трилер', 'silence.jpg', 'silence1.jpg', 'silence2.jpg', 'silence3.jpg', 'Події відбуваються у світі, де на людей полюють прибульці з космосу, які орієнтуються виключно на звуки. Ті з людей, яким вдалося вижити, намагаються вести нормальне життя. Головною умовою їх безпеки є те, що вони мають не видавати жодного звуку.\r\nФільм «Тихе місце 2» є продовженням однойменної стрічки, яка вийшла на екрани у 2018 році. Картина мала шалений касовий успіх, зібравши у прокаті $340 млн., при тому що витрати на виробництво склали лише $17 млн. З огляду на популярність, студія Paramount одразу ж оголосила про роботу над продовженням. Творча команда, що працювала над першим фільмом, повернулася до своїх обов’язків. Режисурою та написанням сценарію знову займався Джон Красінскі. Подробиці сюжету не розголошуються. Відомо, що виконавці головних ролей з першої частини повернулися на знімальний майданчик. Додалися і нові персонажі, проте, окрім імен акторів, які їх зіграють, про них нічого не відомо.'),
(7, 'Код: Залізна кора', '12+', 'трилер', 'codez.jpg', 'codez1.jpg', 'codez2.jpg', 'codez3.jpg', 'У 1962 році над світом нависла загроза ядерної війни. Історики назвуть цей час Карибською кризою, бо на острові Куба було розміщено ядерну зборю, потенційно націлену на США. Гревілл Вінн (Бенедикт Камбербетч) з Великобританії був у відрядженні у Радянському Союзі, коли з ним на зв\'язок вийшов Олег Пеньковський (Мераб Нінідзе) і запропонував свої послуги. Впродовж двох років Пеньковський через Вінна передавав на захід цінну інформацію, яка допомогла світу розуміти реальний стан справ у Союзі.\r\nТриллер «Код: Залізна кора» заснований на реальних подіях. Сценарій написав Том О\'Коннор («Тілоохоронець кіллера»), а режисерське крісло посів Домінік Кук («На березі», серіал «Пуста корона»). Знімали фільм восени 2018 року, а його прем’єра відбулася на кінофестивалі Sundance у січні 2020 року. Після укладання контрактів на прокат у кінотеатрах США, назву фільму змінили з «Ironbark», що відповідала позивному одного зі шпигунів, на «The Courier».'),
(8, 'Ніхто', '16+', 'екшн, кримінал', 'nothing.jpg', 'nothing1.jpg', 'nothing2.jpg', 'nothing3.jpg', 'Хатч Менселл (Боб Оденкірк) ¬– тихий та спокійний сім’янин. Одного разу до його заміського будинку вдираються злодії. Син-підліток не вагаючись нападає на крадіїв. Батько ж опускає руки. Цим він хоч і розчаровує, але не дивує ані дружину, ані сина. Розлючена лише маленька донечка, адже зник її браслет з котиками. Хатч розуміє, що вчинив неправильно, і вирішує згадати усе те, про що старанно намагався забути довгі роки свого подружнього життя. Тривалий час він зі зброєю у руках наводив жах на увесь злочинний світ. Настала пора вийти з тіні.\r\nКримінальний бойовик «Ніхто» знято у кращих традиціях жанру. Сценарист фільму – Дерек Колстад, за плечима якого робота над усіма частинами «Джона Уіка». Виконавець головної ролі, а за сумісництвом продюсер картини, Боб Оденкірк розповів, що створити такий фільм його надихнув випадок з життя. Після нападу грабіжників, поліцейський сказав йому: «якби мова йшла про мою сім’ю…». Саме ці емоції і наповнили картину.'),
(9, 'Батько', '12+', 'трилер', 'father.jpg', 'father1.jpg', 'father2.jpg', 'father3.jpg', 'Ентоні (Ентоні Гопкінс) 82 роки. Головна людина, яка про нього дбає – це його донька Енн (Олівія Колман). Чоловік страждає від прогресуючої деменції. З кожним днем Енн усе тяжче дається нагляд за батьком. Знайти нову доглядальницю найскладніше, бо Ентоні категорично заперечує, що йому потрібна чиясь допомога.\r\nТрилер «Батько» створений у копродукції Великобританії та Франції. Для режисера та співавтора сценарію Флоріана Зеллера це перша робота на великому екрані. У основу сюжету лягла успішна п’єса Крістофера Хемптона. Він також взяв участь у написанні сценарію. Прем’єра стрічки відбулася на кінофестивалі Sundance у січні 2020 року. Відтоді на фільм звернули увагу журі 27 кінофестивалів чи кінопремій. Сумарно робота висунута на здобуття 82 нагород. Стрічка має 6 номінацій на премію «Оскар», серед яких кращий фільм, краща чоловіча роль (Ентоні Гопкінс) та краща жіноча роль другого плану (Олівія Колман).'),
(10, 'Мінамата', '16+', 'драма', 'mihamata.jpg', 'mihamata1.jpg', 'mihamata2.jpg', 'mihamata3.jpg', 'Події фільму починаються у 1971 році. У своєму помешканні у Нью-Йорку пиячить Юджин Сміт (Джонні Депп). Уславлений фотограф не може позбутися сильних вражень, які здобув фотографуючи Другу світову війну. Перекладачка з японської Ейлін пропонує йому відзняти сенсаційний матеріал. Редактор журналу Life схвалює ініціативу та відряджає Юджина та Ейлін до Японії. У рибацьких поселеннях довкола затоки Мінамата люди страждають від нової хвороби. Через шкідливі викиди у воду, що тривали десятиліттями, у місцевих жителів, особливо дітей, уражена нервова система. Вони кілька років прожили у Японії, працюючи над книгою та документуючи випадки хвороби.\r\nДрама «Мінамата» ґрунтується на реальних подіях. У основу сценарію лягла книга, написана Ейлін Міоко та Юджином Смітами. Для режисера та сценариста Ендрю Левітаса фільм є другою роботою для великого екрану. Світова прем’єра відбулася на Берлінському кінофестивалі у лютому 2020 року.');

-- --------------------------------------------------------

--
-- Структура таблицы `tickets`
--

CREATE TABLE `tickets` (
  `id` int(11) NOT NULL,
  `id_film` int(11) DEFAULT NULL,
  `id_user` int(11) DEFAULT NULL,
  `film_name` varchar(255) DEFAULT NULL,
  `mtime` varchar(255) DEFAULT NULL,
  `mdate` varchar(255) DEFAULT NULL,
  `cost` int(11) DEFAULT NULL,
  `seat_n` int(11) DEFAULT NULL,
  `seats` varchar(600) DEFAULT NULL
) ENGINE=InnoDB DEFAULT CHARSET=utf8;

--
-- Дамп данных таблицы `tickets`
--

INSERT INTO `tickets` (`id`, `id_film`, `id_user`, `film_name`, `mtime`, `mdate`, `cost`, `seat_n`, `seats`) VALUES
(2, 4, 12, 'Амоніт', '10:00', '30.06.2021', 200, 2, 'E3 E4'),
(3, 4, 12, 'Амоніт', '10:00', '30.06.2021', 200, 2, 'B6 B8'),
(5, 4, 12, 'Амоніт', '10:00', '30.06.2021', 400, 4, 'J2 J3 J4 J5'),
(6, 4, 12, 'Амоніт', '15:00', '30.06.2021', 400, 4, 'A9 B9 C9 D9'),
(7, 1, 12, 'Ґодзілла проти Конґа', '10:00', '30.06.2021', 300, 3, 'C6 C7 C8'),
(8, 1, 12, 'Ґодзілла проти Конґа', '10:00', '30.06.2021', 300, 3, 'H6 I6 J6'),
(9, 1, 12, 'Ґодзілла проти Конґа', '10:00', '30.06.2021', 400, 4, 'A6 A7 A8 A9'),
(10, 1, 12, 'Ґодзілла проти Конґа', '10:00', '30.06.2021', 200, 2, 'E2 E3'),
(11, 3, 12, 'Янгол помсти', '10:00', '30.06.2021', 300, 3, 'F6 F7 F8'),
(13, 6, 12, 'Тихе місце 2', '10:00', '30.06.2021', 300, 3, 'F8 F9 F10'),
(14, 1, 21, 'Ґодзілла проти Конґа', '15:00', '30.06.2021', 300, 3, 'A7 A8 A9'),
(15, 4, 12, 'Амоніт', '15:00', '13.07.2021', 400, 4, 'A3 B3 C3 D3'),
(17, 3, 12, 'Янгол помсти', '10:00', '30.06.2021', 300, 3, 'F9 H11 I11'),
(25, 1, 26, 'Ґодзілла проти Конґа', '10:00', '30.06.2021', 400, 4, 'J1 J2 J3 J4'),
(26, 6, 26, 'Тихе місце 2', '21:00', '13.07.2021', 200, 2, 'F3 F4'),
(46, 1, 29, 'Ґодзілла проти Конґа', '15:00', '30.06.2021', 400, 4, 'F7 F8 F9 F10'),
(47, 1, 29, 'Ґодзілла проти Конґа', '21:00', '30.06.2021', 400, 4, 'D4 D5 E4 E5'),
(74, 1, 27, 'Ґодзілла проти Конґа', '10:00', '30.06.2021', 100, 1, 'I12'),
(75, 1, 27, 'Ґодзілла проти Конґа', '10:00', '30.06.2021', 100, 1, 'F6'),
(76, 1, 27, 'Ґодзілла проти Конґа', '10:00', '30.06.2021', 100, 1, 'G1'),
(79, 1, 27, 'Ґодзілла проти Конґа', '10:00', '30.06.2021', 100, 1, 'C12'),
(80, 1, 27, 'Ґодзілла проти Конґа', '10:00', '30.06.2021', 100, 1, 'E9'),
(81, 1, 27, 'Ґодзілла проти Конґа', '10:00', '30.06.2021', 100, 1, 'G6'),
(82, 1, 27, 'Ґодзілла проти Конґа', '10:00', '30.06.2021', 100, 1, 'A1'),
(83, 1, 27, 'Ґодзілла проти Конґа', '10:00', '30.06.2021', 100, 1, 'B7'),
(84, 1, 27, 'Ґодзілла проти Конґа', '10:00', '30.06.2021', 100, 1, 'C11'),
(85, 1, 27, 'Ґодзілла проти Конґа', '10:00', '30.06.2021', 100, 1, 'H10'),
(86, 1, 27, 'Ґодзілла проти Конґа', '10:00', '30.06.2021', 100, 1, 'G9'),
(87, 1, 27, 'Ґодзілла проти Конґа', '10:00', '30.06.2021', 100, 1, 'H7'),
(88, 1, 27, 'Ґодзілла проти Конґа', '10:00', '30.06.2021', 100, 1, 'E12'),
(89, 1, 27, 'Ґодзілла проти Конґа', '10:00', '30.06.2021', 100, 1, 'I9'),
(90, 1, 27, 'Ґодзілла проти Конґа', '10:00', '30.06.2021', 100, 1, 'I8'),
(91, 1, 27, 'Ґодзілла проти Конґа', '10:00', '30.06.2021', 100, 1, 'D12'),
(92, 1, 27, 'Ґодзілла проти Конґа', '10:00', '30.06.2021', 100, 1, 'B9'),
(93, 1, 27, 'Ґодзілла проти Конґа', '10:00', '30.06.2021', 100, 1, 'E5'),
(95, 5, 27, 'Мортал Комбат', '10:00', '30.06.2021', 100, 1, 'A6'),
(97, 2, 27, 'Гнів людський', '10:00', '30.06.2021', 100, 1, 'A7'),
(99, 1, 27, 'Ґодзілла проти Конґа', '10:00', '30.06.2021', 100, 1, 'B5'),
(103, 1, 27, 'Ґодзілла проти Конґа', '10:00', '30.06.2021', 100, 1, 'B4'),
(104, 1, 27, 'Ґодзілла проти Конґа', '10:00', '30.06.2021', 100, 1, 'I5'),
(106, 1, 26, 'Ґодзілла проти Конґа', '10:00', '30.06.2021', 100, 1, 'C4'),
(107, 6, 27, 'Тихе місце 2', '10:00', '30.06.2021', 300, 3, 'B8 B9 B10'),
(109, 4, 26, 'Амоніт', '10:00', '30.06.2021', 200, 2, 'F9 F10'),
(110, 4, 26, 'Амоніт', '15:00', '30.06.2021', 200, 2, 'I7 I8'),
(111, 5, 26, 'Мортал Комбат', '10:00', '30.06.2021', 100, 1, 'A12'),
(112, 5, 26, 'Мортал Комбат', '10:00', '30.06.2021', 200, 2, 'F12 G12'),
(114, 2, 26, 'Гнів людський', '10:00', '30.06.2021', 200, 2, 'H9 H10'),
(115, 2, 26, 'Гнів людський', '10:00', '30.06.2021', 200, 2, 'H3 H4'),
(116, 3, 26, 'Янгол помсти', '10:00', '30.06.2021', 200, 2, 'D11 D12'),
(117, 3, 26, 'Янгол помсти', '10:00', '30.06.2021', 200, 2, 'B10 B11'),
(119, 3, 26, 'Янгол помсти', '10:00', '30.06.2021', 200, 2, 'J3 J4'),
(120, 3, 26, 'Янгол помсти', '10:00', '30.06.2021', 200, 2, 'H8 H9'),
(121, 3, 26, 'Янгол помсти', '10:00', '30.06.2021', 200, 2, 'D2 D3'),
(122, 3, 26, 'Янгол помсти', '10:00', '30.06.2021', 100, 1, 'F1'),
(123, 3, 26, 'Янгол помсти', '10:00', '30.06.2021', 100, 1, 'A1'),
(124, 3, 26, 'Янгол помсти', '10:00', '30.06.2021', 100, 1, 'A9'),
(125, 1, 26, 'Ґодзілла проти Конґа', '10:00', '30.06.2021', 100, 1, 'F2'),
(126, 1, 26, 'Ґодзілла проти Конґа', '15:00', '30.06.2021', 100, 1, 'C2'),
(127, 1, 26, 'Ґодзілла проти Конґа', '21:00', '30.06.2021', 100, 1, 'A3'),
(128, 1, 26, 'Ґодзілла проти Конґа', '21:00', '30.06.2021', 100, 1, 'B10'),
(129, 1, 26, 'Ґодзілла проти Конґа', '21:00', '30.06.2021', 100, 1, 'A12'),
(132, 5, 26, 'Мортал Комбат', '10:00', '30.06.2021', 100, 1, 'F1'),
(134, 3, 26, 'Янгол помсти', '10:00', '30.06.2021', 100, 1, 'A6'),
(137, 6, 26, 'Тихе місце 2', '10:00', '30.06.2021', 100, 1, 'J1'),
(138, 8, 26, 'Ніхто', '10:00', '30.06.2021', 300, 3, 'C9 C10 C11'),
(139, 3, 26, 'Янгол помсти', '10:00', '30.06.2021', 200, 2, 'F12 G12'),
(144, 4, 27, 'Амоніт', '10:00', '30.06.2021', 100, 1, 'I11'),
(153, 3, 27, 'Янгол помсти', '21:00', '30.06.2021', 300, 3, 'B8 B9 B10'),
(164, 5, 30, 'Мортал Комбат', '10:00', '30.06.2021', 200, 2, 'H6 H7'),
(165, 1, 27, 'Ґодзілла проти Конґа', '21:00', '30.06.2021', 200, 2, 'H7 H8'),
(166, 9, 27, 'Батько', '10:00', '30.06.2021', 300, 3, 'H6 H7 H8'),
(167, 1, 27, 'Ґодзілла проти Конґа', '21:00', '30.06.2021', 300, 3, 'F9 F10 F11'),
(168, 5, 33, 'Мортал Комбат', '10:00', '30.06.2021', 300, 3, 'B3 B4 B5'),
(169, 2, 33, 'Гнів людський', '10:00', '30.06.2021', 500, 5, 'F6 F7 F8 F9 F10'),
(170, 3, 27, 'Янгол помсти', '15:00', '30.06.2021', 200, 2, 'A7 A8'),
(171, 5, 27, 'Мортал Комбат', '10:00', '30.06.2021', 200, 2, 'F9 F10'),
(172, 5, 27, 'Мортал Комбат', '15:00', '30.06.2021', 300, 3, 'F8 F9 F10'),
(175, 2, 27, 'Гнів людський', '15:00', '30.06.2021', 300, 3, 'F6 F7 F8'),
(176, 2, 27, 'Гнів людський', '15:00', '30.06.2021', 300, 3, 'C8 C9 C10');

-- --------------------------------------------------------

--
-- Структура таблицы `users`
--

CREATE TABLE `users` (
  `id` int(11) NOT NULL,
  `email` varchar(255) NOT NULL,
  `birthday` date NOT NULL,
  `telephone` varchar(255) NOT NULL,
  `login` varchar(255) NOT NULL,
  `pass` varchar(255) NOT NULL
) ENGINE=InnoDB DEFAULT CHARSET=utf8;

--
-- Дамп данных таблицы `users`
--

INSERT INTO `users` (`id`, `email`, `birthday`, `telephone`, `login`, `pass`) VALUES
(26, 'sadfasd@fsdf.hffh', '2021-05-02', '53453453', 'test', '7288edd0fc3ffcbe93a0cf06e3568e28521687bc'),
(27, 'awa6u@vmani.com', '2021-04-26', '087-344-32-12', 'qwerty', '5cec175b165e3d5e62c9e13ce848ef6feac81bff'),
(28, 'qwer@ewrw.rw', '2021-06-02', '456-545-34-23', 'qwer', 'bca6d84e65d490af841334934edde1d8efe48c82'),
(29, 'test@rwe.com', '2021-05-31', '123-124-43-14', 'test123', 'ecc3b41eecea04ee34c5e8aac6eda322f1472c0a'),
(30, 'user@gmail.com', '2000-02-04', '095-234-56-77', 'user', '8d9280f865ab6055ac444605329afe40620cab0a'),
(31, 'etwet@reer.com', '2021-06-02', '123-123-12-23', 'erwerwe', '15c2264c30688e0f02d23df232527e72b7ed24d1'),
(32, 'admin@qwerty.ad', '2021-06-01', '095-345-23-54', 'admin', 'f865b53623b121fd34ee5426c792e5c33af8c227'),
(33, 'kosenko.ou1@gmail.com', '2001-03-11', '095-212-67-11', 'klim123', '54cfb113df066e9039437ee83fb5336b0b7ba408');

--
-- Индексы сохранённых таблиц
--

--
-- Индексы таблицы `movies`
--
ALTER TABLE `movies`
  ADD PRIMARY KEY (`id`);

--
-- Индексы таблицы `tickets`
--
ALTER TABLE `tickets`
  ADD PRIMARY KEY (`id`);

--
-- Индексы таблицы `users`
--
ALTER TABLE `users`
  ADD PRIMARY KEY (`id`);

--
-- AUTO_INCREMENT для сохранённых таблиц
--

--
-- AUTO_INCREMENT для таблицы `movies`
--
ALTER TABLE `movies`
  MODIFY `id` int(11) NOT NULL AUTO_INCREMENT, AUTO_INCREMENT=11;

--
-- AUTO_INCREMENT для таблицы `tickets`
--
ALTER TABLE `tickets`
  MODIFY `id` int(11) NOT NULL AUTO_INCREMENT, AUTO_INCREMENT=177;

--
-- AUTO_INCREMENT для таблицы `users`
--
ALTER TABLE `users`
  MODIFY `id` int(11) NOT NULL AUTO_INCREMENT, AUTO_INCREMENT=34;
COMMIT;

/*!40101 SET CHARACTER_SET_CLIENT=@OLD_CHARACTER_SET_CLIENT */;
/*!40101 SET CHARACTER_SET_RESULTS=@OLD_CHARACTER_SET_RESULTS */;
/*!40101 SET COLLATION_CONNECTION=@OLD_COLLATION_CONNECTION */;
